# phrase<TAB>numeric value (ord:N ordinals, unit:X units, % and currency markers)
zero	0
one	1
two	2
three	3
four	4
five	5
six	6
seven	7
eight	8
nine	9
ten	10
eleven	11
twelve	12
thirteen	13
fourteen	14
fifteen	15
sixteen	16
seventeen	17
eighteen	18
nineteen	19
twenty	20
twenty one	21
twenty-one	21
twenty two	22
twenty-two	22
twenty three	23
twenty-three	23
twenty four	24
twenty-four	24
twenty five	25
twenty-five	25
twenty six	26
twenty-six	26
twenty seven	27
twenty-seven	27
twenty eight	28
twenty-eight	28
twenty nine	29
twenty-nine	29
thirty	30
thirty one	31
thirty-one	31
thirty two	32
thirty-two	32
thirty three	33
thirty-three	33
thirty four	34
thirty-four	34
thirty five	35
thirty-five	35
thirty six	36
thirty-six	36
thirty seven	37
thirty-seven	37
thirty eight	38
thirty-eight	38
thirty nine	39
thirty-nine	39
forty	40
forty one	41
forty-one	41
forty two	42
forty-two	42
forty three	43
forty-three	43
forty four	44
forty-four	44
forty five	45
forty-five	45
forty six	46
forty-six	46
forty seven	47
forty-seven	47
forty eight	48
forty-eight	48
forty nine	49
forty-nine	49
fifty	50
fifty one	51
fifty-one	51
fifty two	52
fifty-two	52
fifty three	53
fifty-three	53
fifty four	54
fifty-four	54
fifty five	55
fifty-five	55
fifty six	56
fifty-six	56
fifty seven	57
fifty-seven	57
fifty eight	58
fifty-eight	58
fifty nine	59
fifty-nine	59
sixty	60
sixty one	61
sixty-one	61
sixty two	62
sixty-two	62
sixty three	63
sixty-three	63
sixty four	64
sixty-four	64
sixty five	65
sixty-five	65
sixty six	66
sixty-six	66
sixty seven	67
sixty-seven	67
sixty eight	68
sixty-eight	68
sixty nine	69
sixty-nine	69
seventy	70
seventy one	71
seventy-one	71
seventy two	72
seventy-two	72
seventy three	73
seventy-three	73
seventy four	74
seventy-four	74
seventy five	75
seventy-five	75
seventy six	76
seventy-six	76
seventy seven	77
seventy-seven	77
seventy eight	78
seventy-eight	78
seventy nine	79
seventy-nine	79
eighty	80
eighty one	81
eighty-one	81
eighty two	82
eighty-two	82
eighty three	83
eighty-three	83
eighty four	84
eighty-four	84
eighty five	85
eighty-five	85
eighty six	86
eighty-six	86
eighty seven	87
eighty-seven	87
eighty eight	88
eighty-eight	88
eighty nine	89
eighty-nine	89
ninety	90
ninety one	91
ninety-one	91
ninety two	92
ninety-two	92
ninety three	93
ninety-three	93
ninety four	94
ninety-four	94
ninety five	95
ninety-five	95
ninety six	96
ninety-six	96
ninety seven	97
ninety-seven	97
ninety eight	98
ninety-eight	98
ninety nine	99
ninety-nine	99
fourty	40
nought	0
naught	0
nil	0
nada	0
zilch	0
none	0
a	1
an	1
single	1
solo	1
sole	1
uno	1
pair	2
couple	2
a couple	2
a couple of	2
couple of	2
duo	2
twin	2
both	2
twice	2
double	2
a few	3
few	3
triple	3
thrice	3
trio	3
three of	3
quad	4
quadruple	4
hundred	100
a hundred	100
one hundred	100
100	100
two hundred	200
three hundred	300
four hundred	400
five hundred	500
six hundred	600
seven hundred	700
eight hundred	800
nine hundred	900
thousand	1000
a thousand	1000
one thousand	1000
grand	1000
a grand	1000
one grand	1000
k	1000
1k	1000
1 k	1000
g	1000
1g	1000
two thousand	2000
2k	2000
2 k	2000
two grand	2000
2 grand	2000
three thousand	3000
3k	3000
3 k	3000
three grand	3000
3 grand	3000
four thousand	4000
4k	4000
4 k	4000
four grand	4000
five thousand	5000
5k	5000
5 k	5000
five grand	5000
5 grand	5000
six thousand	6000
6k	6000
6 k	6000
seven thousand	7000
7k	7000
7 k	7000
eight thousand	8000
8k	8000
8 k	8000
nine thousand	9000
9k	9000
9 k	9000
ten thousand	10000
10k	10000
10 k	10000
ten grand	10000
fifteen thousand	15000
15k	15000
15 k	15000
twenty thousand	20000
20k	20000
20 k	20000
twenty grand	20000
twenty five thousand	25000
25k	25000
25 k	25000
thirty thousand	30000
30k	30000
30 k	30000
fifty thousand	50000
50k	50000
50 k	50000
fifty grand	50000
seventy five thousand	75000
75k	75000
75 k	75000
hundred thousand	100000
one hundred thousand	100000
100k	100000
100 k	100000
lakh	100000
lac	100000
lakhs	100000
lacs	100000
a lakh	100000
one lakh	100000
1 lakh	100000
1 lac	100000
1l	100000
1 l	100000
two lakh	200000
2 lakh	200000
2 lac	200000
two lakhs	200000
two lac	200000
three lakh	300000
3 lakh	300000
3 lac	300000
three lakhs	300000
four lakh	400000
4 lakh	400000
4 lac	400000
five lakh	500000
5 lakh	500000
5 lac	500000
five lakhs	500000
ten lakh	1000000
10 lakh	1000000
10 lac	1000000
twenty lakh	2000000
20 lakh	2000000
fifty lakh	5000000
50 lakh	5000000
million	1000000
a million	1000000
one million	1000000
mil	1000000
1m	1000000
1 m	1000000
mn	1000000
two million	2000000
2m	2000000
2 m	2000000
five million	5000000
5m	5000000
5 m	5000000
ten million	10000000
10m	10000000
10 m	10000000
billion	1000000000
a billion	1000000000
one billion	1000000000
bn	1000000000
1bn	1000000000
1 bn	1000000000
1b	1000000000
1 b	1000000000
trillion	1000000000000
a trillion	1000000000000
one trillion	1000000000000
tn	1000000000000
1tn	1000000000000
crore	10000000
cr	10000000
crores	10000000
a crore	10000000
one crore	10000000
1 crore	10000000
1cr	10000000
1 cr	10000000
koti	10000000
two crore	20000000
2 crore	20000000
2 cr	20000000
five crore	50000000
5 crore	50000000
5 cr	50000000
ten crore	100000000
10 crore	100000000
10 cr	100000000
arab	1000000000
arb	1000000000
one arab	1000000000
1 arab	1000000000
kharab	100000000000
kharb	100000000000
dozen	12
a dozen	12
one dozen	12
doz	12
dz	12
dzn	12
two dozen	24
2 dozen	24
2 doz	24
three dozen	36
3 dozen	36
half dozen	6
half a dozen	6
half-dozen	6
6 pack	6
six pack	6
baker's dozen	13
bakers dozen	13
score	20
a score	20
two score	40
three score	60
gross	144
a gross	144
great gross	1728
hali	4
hali egg	4
hali dim	4
ganda	4
kuri	20
কুড়ি	20
seer	1
ser	1
maund	40
pair of	2
half	0.5
a half	0.5
one half	0.5
1/2	0.5
½	0.5
0.5	0.5
.5	0.5
half of	0.5
adha	0.5
aadha	0.5
adhek	0.5
ardhek	0.5
quarter	0.25
a quarter	0.25
one quarter	0.25
1/4	0.25
¼	0.25
0.25	0.25
.25	0.25
quarter of	0.25
pao	0.25
paw	0.25
paoa	0.25
three quarters	0.75
three quarter	0.75
three fourths	0.75
3/4	0.75
¾	0.75
0.75	0.75
.75	0.75
three-quarters	0.75
paune	0.75
pone	0.75
one third	0.3333
a third	0.3333
third	0.3333
1/3	0.3333
⅓	0.3333
two thirds	0.6667
2/3	0.6667
⅔	0.6667
one fifth	0.2
a fifth	0.2
fifth	0.2
1/5	0.2
⅕	0.2
0.2	0.2
one eighth	0.125
an eighth	0.125
eighth	0.125
1/8	0.125
⅛	0.125
0.125	0.125
one tenth	0.1
a tenth	0.1
tenth	0.1
1/10	0.1
0.1	0.1
one and a half	1.5
1.5	1.5
1 1/2	1.5
1½	1.5
der	1.5
derh	1.5
dherh	1.5
dhere	1.5
two and a half	2.5
2.5	2.5
2 1/2	2.5
2½	2.5
aray	2.5
arai	2.5
araai	2.5
three and a half	3.5
3.5	3.5
3 1/2	3.5
3½	3.5
four and a half	4.5
4.5	4.5
4½	4.5
five and a half	5.5
5.5	5.5
5½	5.5
one and a quarter	1.25
1.25	1.25
1 1/4	1.25
sawa	1.25
soya	1.25
one and three quarters	1.75
1.75	1.75
1 3/4	1.75
two and a quarter	2.25
2.25	2.25
percent	%
per cent	%
pct	%
%	%
percentage	%
shotangsho	%
sotangsho	%
শতাংশ	%
শতকরা	%
per mille	‰
permille	‰
bucks	currency
buck	currency
quid	currency
smackers	currency
smackeroos	currency
greenbacks	currency
dollars	currency
dollar	currency
usd	currency
$	currency
pounds	currency
pound	currency
gbp	currency
£	currency
euro	currency
euros	currency
eur	currency
€	currency
rupees	currency
rupee	currency
rs	currency
rs.	currency
inr	currency
₹	currency
taka	currency
tk	currency
tk.	currency
bdt	currency
৳	currency
টাকা	currency
yen	currency
jpy	currency
¥	currency
yuan	currency
rmb	currency
cny	currency
krw	currency
₩	currency
riyal	currency
sar	currency
dirham	currency
aed	currency
ringgit	currency
myr	currency
baht	currency
thb	currency
peso	currency
pesos	currency
php	currency
rupiah	currency
idr	currency
dong	currency
vnd	currency
lira	currency
rand	currency
zar	currency
naira	currency
ngn	currency
shilling	currency
kes	currency
franc	currency
chf	currency
cad	currency
aud	currency
sgd	currency
hkd	currency
nzd	currency
pkr	currency
lkr	currency
npr	currency
cents	currency
cent	currency
pence	currency
penny	currency
paise	currency
paisa	currency
poisha	currency
পয়সা	currency
fiver	5
a fiver	5
tenner	10
a tenner	10
twenty quid	20
pony	25
monkey	500
ton	100
a ton	100
c-note	100
c note	100
benjamin	100
benjamins	100
fin	5
five spot	5
sawbuck	10
ten spot	10
double sawbuck	20
first	ord:1
second	ord:2
fourth	ord:4
sixth	ord:6
seventh	ord:7
ninth	ord:9
eleventh	ord:11
twelfth	ord:12
thirteenth	ord:13
fourteenth	ord:14
fifteenth	ord:15
sixteenth	ord:16
seventeenth	ord:17
eighteenth	ord:18
nineteenth	ord:19
twentieth	ord:20
1st	ord:1
2nd	ord:2
3rd	ord:3
4th	ord:4
5th	ord:5
6th	ord:6
7th	ord:7
8th	ord:8
9th	ord:9
10th	ord:10
11th	ord:11
12th	ord:12
13th	ord:13
14th	ord:14
15th	ord:15
16th	ord:16
17th	ord:17
18th	ord:18
19th	ord:19
20th	ord:20
21st	ord:21
22nd	ord:22
23rd	ord:23
24th	ord:24
25th	ord:25
26th	ord:26
27th	ord:27
28th	ord:28
29th	ord:29
30th	ord:30
31st	ord:31
twenty first	ord:21
twenty second	ord:22
twenty third	ord:23
twenty fourth	ord:24
twenty fifth	ord:25
twenty sixth	ord:26
twenty seventh	ord:27
twenty eighth	ord:28
twenty ninth	ord:29
thirtieth	ord:30
thirty first	ord:31
fortieth	ord:40
fiftieth	ord:50
hundredth	ord:100
thousandth	ord:1000
millionth	ord:1000000
last	ord:last
next	ord:next
previous	ord:prev
first of all	ord:1
firstly	ord:1
secondly	ord:2
thirdly	ord:3
lastly	ord:last
finally	ord:last
prothom	ord:1
ditiyo	ord:2
tritiyo	ord:3
chaturtho	ord:4
pancham	ord:5
shashtho	ord:6
saptam	ord:7
ashtam	ord:8
nabom	ord:9
dashom	ord:10
প্রথম	ord:1
দ্বিতীয়	ord:2
তৃতীয়	ord:3
চতুর্থ	ord:4
পঞ্চম	ord:5
ষষ্ঠ	ord:6
সপ্তম	ord:7
অষ্টম	ord:8
নবম	ord:9
দশম	ord:10
1 st	ord:1
পাও	0.25
পোয়া	0.25
ek pao	0.25
এক পাও	0.25
adha ser	0.5
আধা সের	0.5
ek ser	1
এক সের	1
dui ser	2
দুই সের	2
panch ser	5
পাঁচ সের	5
dosh ser	10
দশ সের	10
ek kg	1
1 kg	1
ek kilo	1
এক কেজি	1
এক কিলো	1
adha kg	0.5
adha kilo	0.5
আধা কেজি	0.5
আধা কিলো	0.5
half kg	0.5
half kilo	0.5
500g	0.5
500 g	0.5
500 gm	0.5
500 gram	0.5
500 grams	0.5
dui kg	2
dui kilo	2
দুই কেজি	2
২ কেজি	2
panch kg	5
panch kilo	5
পাঁচ কেজি	5
৫ কেজি	5
dosh kg	10
dosh kilo	10
দশ কেজি	10
১০ কেজি	10
ek liter	1
ek litre	1
1 liter	1
1 litre	1
এক লিটার	1
adha liter	0.5
adha litre	0.5
আধা লিটার	0.5
half liter	0.5
half litre	0.5
500ml	0.5
500 ml	0.5
dui liter	2
dui litre	2
দুই লিটার	2
2 liter	2
2 litre	2
2l	2
kg	unit:kg
kgs	unit:kg
kilo	unit:kg
kilos	unit:kg
kilogram	unit:kg
kilograms	unit:kg
কেজি	unit:kg
কিলো	unit:kg
কিলোগ্রাম	unit:kg
gm	unit:g
gms	unit:g
gram	unit:g
grams	unit:g
গ্রাম	unit:g
mg	unit:mg
milligram	unit:mg
milligrams	unit:mg
lb	unit:lb
lbs	unit:lb
pound weight	unit:lb
pounds weight	unit:lb
oz	unit:oz
ounce	unit:oz
ounces	unit:oz
l	unit:l
ltr	unit:l
liter	unit:l
litre	unit:l
liters	unit:l
litres	unit:l
লিটার	unit:l
ml	unit:ml
millilitre	unit:ml
milliliter	unit:ml
millilitres	unit:ml
milliliters	unit:ml
মিলি	unit:ml
gallon	unit:gal
gallons	unit:gal
gal	unit:gal
km	unit:km
kms	unit:km
kilometer	unit:km
kilometers	unit:km
kilometre	unit:km
kilometres	unit:km
কিমি	unit:km
কিলোমিটার	unit:km
m	unit:m
meter	unit:m
meters	unit:m
metre	unit:m
metres	unit:m
মিটার	unit:m
cm	unit:cm
centimeter	unit:cm
centimetre	unit:cm
সেমি	unit:cm
mm	unit:mm
millimeter	unit:mm
millimetre	unit:mm
mile	unit:mi
miles	unit:mi
mi	unit:mi
ft	unit:ft
feet	unit:ft
foot	unit:ft
ফুট	unit:ft
inch	unit:in
inches	unit:in
ইঞ্চি	unit:in
yard	unit:yd
yards	unit:yd
yd	unit:yd
hour	unit:h
hours	unit:h
hr	unit:h
hrs	unit:h
ghonta	unit:h
ghanta	unit:h
ঘণ্টা	unit:h
ঘন্টা	unit:h
minute	unit:min
minutes	unit:min
min	unit:min
mins	unit:min
minit	unit:min
মিনিট	unit:min
seconds	unit:s
sec	unit:s
secs	unit:s
সেকেন্ড	unit:s
day	unit:d
days	unit:d
din	unit:d
দিন	unit:d
week	unit:w
weeks	unit:w
wk	unit:w
wks	unit:w
soptaho	unit:w
saptah	unit:w
সপ্তাহ	unit:w
month	unit:m_month
months	unit:m_month
mas	unit:m_month
mash	unit:m_month
মাস	unit:m_month
year	unit:y
years	unit:y
yr	unit:y
yrs	unit:y
bochor	unit:y
bosor	unit:y
বছর	unit:y
piece	unit:pc
pieces	unit:pc
pc	unit:pc
pcs	unit:pc
pis	unit:pc
পিস	unit:pc
টি	unit:pc
টা	unit:pc
khana	unit:pc
khani	unit:pc
গুলো	unit:pc
gulo	unit:pc
packet	unit:pack
packets	unit:pack
pack	unit:pack
packs	unit:pack
pkt	unit:pack
প্যাকেট	unit:pack
box	unit:box
boxes	unit:box
বাক্স	unit:box
বক্স	unit:box
bottle	unit:bottle
bottles	unit:bottle
btl	unit:bottle
বোতল	unit:bottle
can	unit:can
cans	unit:can
tin	unit:can
tins	unit:can
ক্যান	unit:can
bag	unit:bag
bags	unit:bag
sack	unit:bag
sacks	unit:bag
বস্তা	unit:bag
ব্যাগ	unit:bag
plate	unit:plate
plates	unit:plate
প্লেট	unit:plate
cup	unit:cup
cups	unit:cup
কাপ	unit:cup
glass	unit:glass
glasses	unit:glass
গ্লাস	unit:glass
bowl	unit:bowl
bowls	unit:bowl
বাটি	unit:bowl
slice	unit:slice
slices	unit:slice
loaf	unit:loaf
loaves	unit:loaf
kg of	unit:kg
kilo of	unit:kg
halka	unit:hali_4
হালি	unit:hali_4
গণ্ডা	unit:ganda_4
dozen eggs	unit:hali_4
dim hali	unit:hali_4
ডিম হালি	unit:hali_4
০	0
১	1
২	2
৩	3
৪	4
৫	5
৬	6
৭	7
৮	8
৯	9
